FrameIndex,NumFramePresents,NumMisPresented,NumDroppedFrames,ReprojectionFlags,SystemTimeInSeconds,PreSubmitGpuMs,PostSubmitGpuMs,TotalRenderGpuMs,CompositorRenderGpuMs,CompositorRenderCpuMs,CompositorIdleCpuMs,ClientFrameIntervalMs,PresentCallCpuMs,WaitForPresentCpuMs,SubmitFrameMs,WaitGetPosesCalledMs,NewPosesReadyMs,NewFrameReadyMs,CompositorUpdateStartMs,CompositorUpdateEndMs,CompositorRenderStartMs
10159,1,0,0,4,0.000000,0.000000,0.000000,0.770048,0.770048,0.449400,0.000000,0.000000,0.101000,0.007400,0.000000,0.000000,0.000000,0.000000,7.627488,9.711888,7.661189
10160,1,0,0,4,0.000000,0.000000,0.000000,0.772096,0.772096,0.524300,0.000000,0.000000,0.161000,0.007200,0.000000,0.000000,0.000000,0.000000,7.628389,9.800789,7.668088
10161,1,0,859,4,0.000000,0.000000,0.000000,0.000000,0.000000,0.658500,0.000000,0.000000,0.108600,0.013400,0.000000,0.000000,0.000000,0.000000,7.633600,10.003901,7.708100
10162,1,0,0,4,0.000000,0.000000,0.000000,0.770016,0.770016,0.653100,0.000000,0.000000,0.112700,0.014700,0.000000,0.000000,0.000000,0.000000,7.632000,9.814500,7.684300
10163,1,0,0,4,0.000000,0.000000,0.000000,0.766976,0.766976,0.605500,0.000000,0.000000,0.153200,0.013200,0.000000,0.000000,0.000000,0.000000,7.650989,9.996789,7.693289
10164,1,0,0,4,0.000000,0.000000,0.000000,0.770048,0.770048,0.607100,0.000000,0.000000,0.137400,0.012600,0.000000,0.000000,0.000000,0.000000,7.660489,10.082189,7.709789
10165,1,0,0,4,0.000000,0.000000,0.000000,0.775168,0.775168,0.657600,0.000000,0.000000,0.124500,0.014200,0.000000,0.000000,0.000000,0.000000,7.660689,10.077788,7.729189
10166,1,0,0,4,0.000000,0.000000,0.000000,0.765952,0.765952,0.614000,0.000000,0.000000,0.118100,0.014600,0.000000,0.000000,0.000000,0.000000,7.660489,9.908289,7.706089
10167,1,0,0,4,0.000000,0.000000,0.000000,0.766976,0.766976,0.617700,0.000000,0.000000,0.140800,0.013700,0.000000,0.000000,0.000000,0.000000,7.661289,10.081589,7.708989
10168,1,0,0,4,0.000000,0.000000,0.000000,0.778240,0.778240,0.612300,0.000000,0.000000,0.115500,0.033400,0.000000,0.000000,0.000000,0.000000,7.660889,9.900389,7.714589
10169,1,0,0,4,0.000000,0.000000,0.000000,0.766976,0.766976,0.644800,0.000000,0.000000,0.108700,0.013500,0.000000,0.000000,0.000000,0.000000,7.660589,10.052789,7.715089
10170,1,0,0,4,0.000000,0.000000,0.000000,0.773120,0.773120,0.716200,0.000000,0.000000,0.112400,0.013400,0.000000,0.000000,0.000000,0.000000,7.660289,10.041889,7.711189
10171,1,0,0,4,0.000000,0.000000,0.000000,0.775168,0.775168,0.631500,0.000000,0.000000,0.137800,0.012900,0.000000,0.000000,0.000000,0.000000,7.637888,10.103589,7.715989
10172,1,0,0,4,0.000000,0.000000,0.000000,0.770048,0.770048,0.583600,0.000000,0.000000,0.110000,0.013400,0.000000,0.000000,0.000000,0.000000,7.635588,9.888888,7.679189
10173,1,0,0,4,0.000000,0.000000,0.000000,0.770048,0.770048,1.121800,0.000000,0.000000,0.121900,0.010900,0.000000,0.000000,0.000000,0.000000,7.636489,10.778389,7.700189
10174,1,0,0,4,0.000000,0.000000,0.000000,0.770048,0.770048,0.583400,0.000000,0.000000,0.147300,0.013000,0.000000,0.000000,0.000000,0.000000,7.066888,9.828288,7.105388
10175,1,0,0,4,0.000000,0.000000,0.000000,0.768000,0.768000,0.599100,0.000000,0.000000,0.115500,0.012000,0.000000,0.000000,0.000000,0.000000,7.068789,9.796389,7.118889
10176,1,0,0,4,0.000000,0.000000,0.000000,0.769024,0.769024,0.641200,0.000000,0.000000,0.169200,0.011700,0.000000,0.000000,0.000000,0.000000,7.067489,9.826789,7.111989
10177,1,0,0,4,0.000000,0.000000,0.000000,0.766976,0.766976,0.611400,0.000000,0.000000,0.109400,0.011100,0.000000,0.000000,0.000000,0.000000,7.068089,9.887488,7.115689
10178,1,0,0,4,0.000000,0.000000,0.000000,0.787456,0.787456,0.611100,0.000000,0.000000,0.106100,0.011200,0.000000,0.000000,0.000000,0.000000,7.068289,10.703189,7.107989
10179,1,0,0,4,0.000000,0.000000,0.000000,0.792576,0.792576,0.596200,0.000000,0.000000,0.115900,0.011500,0.000000,0.000000,0.000000,0.000000,6.529689,9.308289,6.580889
10180,1,0,0,4,0.000000,0.000000,0.000000,0.774144,0.774144,0.587200,0.000000,0.000000,0.109300,0.012400,0.000000,0.000000,0.000000,0.000000,6.527589,9.187089,6.577689
10181,1,0,0,4,0.000000,0.000000,0.000000,0.764928,0.764928,0.612200,0.000000,0.000000,0.113600,0.012200,0.000000,0.000000,0.000000,0.000000,6.527089,9.210389,6.578489
10182,1,0,0,4,0.000000,0.000000,0.000000,0.768000,0.768000,0.618500,0.000000,0.000000,2.568900,0.011500,0.000000,0.000000,0.000000,0.000000,6.529789,11.740289,6.581589
10183,1,0,0,4,0.000000,0.000000,0.000000,0.768000,0.768000,0.653400,0.000000,0.000000,0.134500,0.011500,0.000000,0.000000,0.000000,0.000000,6.528688,9.291788,6.580488
10184,1,0,0,4,0.000000,0.000000,0.000000,0.765952,0.765952,0.621700,0.000000,0.000000,0.348500,0.013400,0.000000,0.000000,0.000000,0.000000,6.532089,9.611789,6.583989
10185,1,0,0,4,0.000000,0.000000,0.000000,0.775168,0.775168,0.621000,0.000000,0.000000,0.113100,0.012200,0.000000,0.000000,0.000000,0.000000,6.532289,9.262689,6.585189
10186,1,0,0,4,0.000000,0.000000,0.000000,0.770048,0.770048,0.606200,0.000000,0.000000,0.193800,0.012800,0.000000,0.000000,0.000000,0.000000,6.530288,9.509188,6.589588
10187,1,0,0,4,0.000000,0.000000,0.000000,0.769024,0.769024,0.644000,0.000000,0.000000,0.170000,0.014300,0.000000,0.000000,0.000000,0.000000,6.529188,9.323588,6.578688
10188,1,0,0,4,0.000000,0.000000,0.000000,0.771072,0.771072,0.615500,0.000000,0.000000,0.155900,0.010900,0.000000,0.000000,0.000000,0.000000,6.533188,9.407088,6.588588
10189,1,0,0,4,0.000000,0.000000,0.000000,0.779232,0.779232,0.628200,0.000000,0.000000,0.102300,0.012100,0.000000,0.000000,0.000000,0.000000,6.531689,9.259688,6.582189
10190,1,0,0,4,0.000000,0.000000,0.000000,0.770048,0.770048,0.598700,0.000000,0.000000,0.142300,0.013400,0.000000,0.000000,0.000000,0.000000,6.531189,9.228788,6.583788
10191,1,0,0,4,0.000000,0.000000,0.000000,0.768992,0.768992,0.591400,0.000000,0.000000,0.118500,0.013200,0.000000,0.000000,0.000000,0.000000,6.528788,9.225888,6.579688
10192,1,0,0,4,0.000000,0.000000,0.000000,0.769024,0.769024,0.588600,0.000000,0.000000,0.204100,0.012500,0.000000,0.000000,0.000000,0.000000,6.528889,9.289390,6.577889
10193,1,0,0,4,0.000000,0.000000,0.000000,0.777184,0.777184,1.194200,0.000000,0.000000,0.206700,0.015900,0.000000,0.000000,0.000000,0.000000,6.528788,9.518588,6.600888
10194,1,0,0,4,0.000000,0.000000,0.000000,0.768000,0.768000,0.635200,0.000000,0.000000,0.118300,0.012800,0.000000,0.000000,0.000000,0.000000,6.461888,9.238789,6.516388
10195,1,0,0,4,0.000000,0.000000,0.000000,0.769024,0.769024,1.205900,0.000000,0.000000,0.114800,0.014100,0.000000,0.000000,0.000000,0.000000,6.457989,9.273289,6.533789
10196,1,0,0,4,0.000000,0.000000,0.000000,0.765952,0.765952,0.624700,0.000000,0.000000,0.120800,0.013700,0.000000,0.000000,0.000000,0.000000,6.446188,9.341188,6.498188
10197,1,0,0,4,0.000000,0.000000,0.000000,0.766976,0.766976,0.595100,0.000000,0.000000,0.173200,0.011000,0.000000,0.000000,0.000000,0.000000,6.443288,9.276988,6.490988
10198,1,0,0,4,0.000000,0.000000,0.000000,0.771072,0.771072,0.591900,0.000000,0.000000,0.117100,0.015300,0.000000,0.000000,0.000000,0.000000,6.443289,9.325989,6.493089
10199,1,0,0,4,0.000000,0.000000,0.000000,0.765952,0.765952,0.591800,0.000000,0.000000,0.111700,0.014100,0.000000,0.000000,0.000000,0.000000,6.444889,9.304188,6.495389
10200,1,0,0,4,0.000000,0.000000,0.000000,0.768000,0.768000,0.624100,0.000000,0.000000,0.113200,0.011300,0.000000,0.000000,0.000000,0.000000,6.440689,9.261588,6.480389
10201,1,0,0,4,0.000000,0.000000,0.000000,0.769024,0.769024,0.588600,0.000000,0.000000,0.112300,0.012000,0.000000,0.000000,0.000000,0.000000,6.444488,9.192589,6.496688
10202,1,0,0,4,0.000000,0.000000,0.000000,0.765952,0.765952,0.394100,0.000000,0.000000,0.196200,0.014000,0.000000,0.000000,0.000000,0.000000,6.441688,9.191988,6.479589
10203,1,0,0,4,0.000000,0.000000,0.000000,0.768000,0.768000,0.589300,0.000000,0.000000,0.133400,0.010900,0.000000,0.000000,0.000000,0.000000,6.442688,9.362489,6.492989
10204,1,0,0,4,0.000000,0.000000,0.000000,0.765952,0.765952,0.715600,0.000000,0.000000,0.153000,0.012200,0.000000,0.000000,0.000000,0.000000,6.441888,9.224488,6.488588
10205,1,0,0,4,0.000000,0.000000,0.000000,0.775168,0.775168,0.647100,0.000000,0.000000,0.112500,0.013200,0.000000,0.000000,0.000000,0.000000,6.446989,9.275989,6.499689
10206,1,0,0,4,0.000000,0.000000,0.000000,0.773120,0.773120,0.598400,0.000000,0.000000,0.115400,0.014400,0.000000,0.000000,0.000000,0.000000,6.444589,9.258589,6.495589
10207,1,0,0,4,0.000000,0.000000,0.000000,0.765952,0.765952,0.593200,0.000000,0.000000,0.111400,0.009800,0.000000,0.000000,0.000000,0.000000,6.443988,9.174688,6.493789
10208,1,0,0,4,0.000000,0.000000,0.000000,0.769056,0.769056,0.559900,0.000000,0.000000,0.153600,0.013700,0.000000,0.000000,0.000000,0.000000,6.441689,9.279289,6.486189
10209,1,0,0,4,0.000000,0.000000,0.000000,0.769024,0.769024,0.599500,0.000000,0.000000,0.172600,0.011200,0.000000,0.000000,0.000000,0.000000,6.442189,9.332689,6.488889
10210,1,0,0,4,0.000000,0.000000,0.000000,0.770048,0.770048,0.399200,0.000000,0.000000,0.094400,0.008600,0.000000,0.000000,0.000000,0.000000,6.441188,9.123988,6.478889
10211,1,0,0,4,0.000000,0.000000,0.000000,0.770048,0.770048,0.503100,0.000000,0.000000,0.098700,0.010500,0.000000,0.000000,0.000000,0.000000,6.508288,9.322088,6.542588
10212,1,0,0,4,0.000000,0.000000,0.000000,0.772096,0.772096,0.451000,0.000000,0.000000,0.146900,0.035400,0.000000,0.000000,0.000000,0.000000,6.583989,9.298689,6.630489
10213,1,0,0,4,0.000000,0.000000,0.000000,0.768000,0.768000,0.566900,0.000000,0.000000,0.148900,0.009000,0.000000,0.000000,0.000000,0.000000,6.648989,9.320990,6.692789
10214,1,0,0,4,0.000000,0.000000,0.000000,0.778240,0.778240,0.398400,0.000000,0.000000,0.109100,0.012200,0.000000,0.000000,0.000000,0.000000,6.715588,9.443688,6.748688
10215,1,0,0,4,0.000000,0.000000,0.000000,0.773152,0.773152,0.466600,0.000000,0.000000,0.115700,0.030700,0.000000,0.000000,0.000000,0.000000,6.783288,9.466088,6.818088
10216,1,0,0,4,0.000000,0.000000,0.000000,0.769024,0.769024,0.411100,0.000000,0.000000,0.095300,0.007800,0.000000,0.000000,0.000000,0.000000,6.856789,9.510988,6.905089
10217,1,0,0,4,0.000000,0.000000,0.000000,0.776192,0.776192,0.554200,0.000000,0.000000,0.150000,0.009200,0.000000,0.000000,0.000000,0.000000,6.921988,9.808389,6.963688
10218,1,0,0,4,0.000000,0.000000,0.000000,0.771072,0.771072,0.389600,0.000000,0.000000,0.156000,0.014100,0.000000,0.000000,0.000000,0.000000,6.989988,9.694288,7.022788
10219,1,0,0,4,0.000000,0.000000,0.000000,0.773088,0.773088,0.618000,0.000000,0.000000,0.188200,0.015300,0.000000,0.000000,0.000000,0.000000,7.065589,9.928589,7.111889
10220,1,0,0,4,0.000000,0.000000,0.000000,0.765952,0.765952,0.712200,0.000000,0.000000,0.111500,0.013600,0.000000,0.000000,0.000000,0.000000,7.134989,9.936989,7.189289
10221,1,0,0,4,0.000000,0.000000,0.000000,0.769024,0.769024,0.597700,0.000000,0.000000,0.180300,0.016300,0.000000,0.000000,0.000000,0.000000,7.201388,9.947789,7.248888
10222,1,0,0,4,0.000000,0.000000,0.000000,0.765952,0.765952,0.631600,0.000000,0.000000,0.112100,0.016600,0.000000,0.000000,0.000000,0.000000,7.262589,10.043589,7.317089
10223,1,0,0,4,0.000000,0.000000,0.000000,0.772096,0.772096,0.633800,0.000000,0.000000,0.109600,0.017800,0.000000,0.000000,0.000000,0.000000,7.260789,10.070689,7.311389
10224,1,0,0,4,0.000000,0.000000,0.000000,0.772096,0.772096,0.605500,0.000000,0.000000,0.115800,0.013800,0.000000,0.000000,0.000000,0.000000,7.261488,10.150389,7.307788
10225,1,0,0,4,0.000000,0.000000,0.000000,0.777184,0.777184,0.725000,0.000000,0.000000,0.125700,0.012200,0.000000,0.000000,0.000000,0.000000,7.256588,10.193189,7.308589
10226,1,0,0,4,0.000000,0.000000,0.000000,0.781312,0.781312,0.638700,0.000000,0.000000,0.102400,0.009400,0.000000,0.000000,0.000000,0.000000,7.257288,10.043589,7.308589
10227,1,0,0,4,0.000000,0.000000,0.000000,0.770048,0.770048,0.569100,0.000000,0.000000,0.100100,0.011200,0.000000,0.000000,0.000000,0.000000,7.255488,9.840088,7.306288
10228,1,0,0,4,0.000000,0.000000,0.000000,0.765952,0.765952,0.591000,0.000000,0.000000,0.152100,0.010100,0.000000,0.000000,0.000000,0.000000,7.289889,9.970389,7.335489
10229,1,0,0,4,0.000000,0.000000,0.000000,0.777216,0.777216,0.572200,0.000000,0.000000,0.113400,0.011600,0.000000,0.000000,0.000000,0.000000,7.325889,10.009789,7.365389
10230,1,0,0,4,0.000000,0.000000,0.000000,0.774144,0.774144,0.531300,0.000000,0.000000,0.088000,0.008000,0.000000,0.000000,0.000000,0.000000,7.365189,9.874990,7.410589
10231,1,0,0,4,0.000000,0.000000,0.000000,0.770048,0.770048,0.495400,0.000000,0.000000,0.091300,0.007800,0.000000,0.000000,0.000000,0.000000,7.400289,10.035890,7.439589
10232,1,0,0,4,0.000000,0.000000,0.000000,0.784384,0.784384,0.429200,0.000000,0.000000,0.092600,0.011000,0.000000,0.000000,0.000000,0.000000,7.435589,9.859488,7.470689
10233,1,0,0,4,0.000000,0.000000,0.000000,0.787456,0.787456,0.374800,0.000000,0.000000,0.089600,0.008600,0.000000,0.000000,0.000000,0.000000,7.468688,9.811788,7.498888
10234,1,0,0,4,0.000000,0.000000,0.000000,0.769024,0.769024,0.459900,0.000000,0.000000,0.957300,0.007900,0.000000,0.000000,0.000000,0.000000,7.515489,10.756888,7.571589
10235,1,0,0,4,0.000000,0.000000,0.000000,0.769056,0.769056,0.447700,0.000000,0.000000,0.105700,0.012300,0.000000,0.000000,0.000000,0.000000,7.547688,9.879388,7.584888
10236,1,0,0,4,0.000000,0.000000,0.000000,0.770080,0.770080,0.394000,0.000000,0.000000,0.120600,0.011600,0.000000,0.000000,0.000000,0.000000,7.581589,9.966990,7.618089
10237,1,0,0,4,0.000000,0.000000,0.000000,0.764928,0.764928,0.412200,0.000000,0.000000,0.115900,0.010500,0.000000,0.000000,0.000000,0.000000,7.621489,9.999889,7.662989
10238,1,0,0,4,0.000000,0.000000,0.000000,0.771072,0.771072,0.395600,0.000000,0.000000,0.084800,0.018100,0.000000,0.000000,0.000000,0.000000,7.654288,9.792789,7.688189
10239,1,0,0,4,0.000000,0.000000,0.000000,0.762880,0.762880,0.417900,0.000000,0.000000,0.072100,0.007100,0.000000,0.000000,0.000000,0.000000,7.689389,9.629489,7.716089
10240,1,0,0,4,0.000000,0.000000,0.000000,0.765952,0.765952,0.375400,0.000000,0.000000,0.073700,0.006600,0.000000,0.000000,0.000000,0.000000,7.725288,9.763489,7.768788
10241,1,0,0,4,0.000000,0.000000,0.000000,0.770112,0.770112,0.391200,0.000000,0.000000,0.081100,0.007000,0.000000,0.000000,0.000000,0.000000,7.735188,9.899789,7.772688
10242,1,0,0,4,0.000000,0.000000,0.000000,0.765952,0.765952,0.345000,0.000000,0.000000,0.080700,0.007200,0.000000,0.000000,0.000000,0.000000,7.730389,9.718688,7.758089
10243,1,0,0,4,0.000000,0.000000,0.000000,0.771072,0.771072,0.335400,0.000000,0.000000,0.074400,0.017800,0.000000,0.000000,0.000000,0.000000,7.729989,9.725389,7.756989
10244,1,0,0,4,0.000000,0.000000,0.000000,0.771072,0.771072,0.570600,0.000000,0.000000,0.134100,0.007500,0.000000,0.000000,0.000000,0.000000,7.734389,9.835489,7.773489
10245,1,0,0,4,0.000000,0.000000,0.000000,0.766976,0.766976,0.329100,0.000000,0.000000,0.099200,0.018500,0.000000,0.000000,0.000000,0.000000,7.731189,9.724189,7.756789
10246,1,0,0,4,0.000000,0.000000,0.000000,0.768000,0.768000,0.367800,0.000000,0.000000,0.103100,0.006700,0.000000,0.000000,0.000000,0.000000,7.732989,9.760389,7.784989
10247,1,0,0,4,0.000000,0.000000,0.000000,0.775168,0.775168,0.320700,0.000000,0.000000,0.070100,0.007200,0.000000,0.000000,0.000000,0.000000,7.730889,9.715289,7.756089
10248,1,0,0,4,0.000000,0.000000,0.000000,0.764928,0.764928,0.310400,0.000000,0.000000,0.070700,0.007300,0.000000,0.000000,0.000000,0.000000,7.730889,9.641689,7.755589
10249,1,0,0,4,0.000000,0.000000,0.000000,0.768000,0.768000,0.369500,0.000000,0.000000,0.093300,0.010000,0.000000,0.000000,0.000000,0.000000,7.731189,9.874789,7.762089
10250,1,0,0,4,0.000000,0.000000,0.000000,0.773120,0.773120,0.443100,0.000000,0.000000,0.083500,0.009400,0.000000,0.000000,0.000000,0.000000,7.733188,9.808989,7.780088
10251,1,0,0,4,0.000000,0.000000,0.000000,0.772096,0.772096,0.425700,0.000000,0.000000,0.103200,0.009000,0.000000,0.000000,0.000000,0.000000,7.730089,9.852089,7.762089
10252,1,0,0,4,0.000000,0.000000,0.000000,0.766976,0.766976,0.441500,0.000000,0.000000,0.105600,0.008000,0.000000,0.000000,0.000000,0.000000,7.736888,10.000288,7.778688
10253,1,0,0,4,0.000000,0.000000,0.000000,0.771072,0.771072,0.539600,0.000000,0.000000,0.086000,0.007100,0.000000,0.000000,0.000000,0.000000,7.733489,9.825788,7.787589
10254,1,0,0,4,0.000000,0.000000,0.000000,0.766976,0.766976,0.340600,0.000000,0.000000,0.086600,0.018400,0.000000,0.000000,0.000000,0.000000,7.729189,9.685988,7.756789
10255,1,0,0,4,0.000000,0.000000,0.000000,0.770048,0.770048,0.352200,0.000000,0.000000,0.074400,0.024500,0.000000,0.000000,0.000000,0.000000,7.729088,9.751888,7.755788
10256,1,0,0,4,0.000000,0.000000,0.000000,0.765952,0.765952,0.346100,0.000000,0.000000,0.108600,0.031400,0.000000,0.000000,0.000000,0.000000,7.730389,9.809790,7.758489
10257,1,0,0,4,0.000000,0.000000,0.000000,0.760832,0.760832,0.330800,0.000000,0.000000,0.102000,0.008300,0.000000,0.000000,0.000000,0.000000,7.751189,9.720589,7.775789
10258,1,0,0,4,0.000000,0.000000,0.000000,0.769024,0.769024,0.370400,0.000000,0.000000,0.124300,0.006800,0.000000,0.000000,0.000000,0.000000,7.797389,9.852689,7.838789
10259,1,0,0,4,0.000000,0.000000,0.000000,0.771072,0.771072,0.378600,0.000000,0.000000,0.083300,0.006900,0.000000,0.000000,0.000000,0.000000,7.823088,9.860588,7.857088
10260,1,0,0,4,0.000000,0.000000,0.000000,0.766976,0.766976,0.319400,0.000000,0.000000,0.073200,0.007300,0.000000,0.000000,0.000000,0.000000,7.841089,9.675488,7.867088
10261,1,0,0,4,0.000000,0.000000,0.000000,0.764928,0.764928,0.383000,0.000000,0.000000,0.107900,0.025600,0.000000,0.000000,0.000000,0.000000,7.864688,9.857089,7.894689
10262,1,0,0,4,0.000000,0.000000,0.000000,0.768000,0.768000,0.452000,0.000000,0.000000,0.113900,0.007200,0.000000,0.000000,0.000000,0.000000,7.891688,9.904888,7.944889
10263,1,0,0,4,0.000000,0.000000,0.000000,0.764928,0.764928,0.455900,0.000000,0.000000,0.109800,0.007100,0.000000,0.000000,0.000000,0.000000,7.907689,9.754789,7.934389
10264,1,0,0,4,0.000000,0.000000,0.000000,0.770016,0.770016,0.347800,0.000000,0.000000,0.087700,0.007000,0.000000,0.000000,0.000000,0.000000,7.974589,9.829889,8.002989
10265,1,0,0,4,0.000000,0.000000,0.000000,0.765952,0.765952,0.345400,0.000000,0.000000,0.076600,0.006900,0.000000,0.000000,0.000000,0.000000,8.005189,9.843788,8.033189
10266,1,0,0,4,0.000000,0.000000,0.000000,0.764928,0.764928,0.314400,0.000000,0.000000,0.071200,0.019400,0.000000,0.000000,0.000000,0.000000,8.004189,9.744389,8.029189
10267,1,0,0,4,0.000000,0.000000,0.000000,0.766976,0.766976,0.402800,0.000000,0.000000,0.107300,0.007000,0.000000,0.000000,0.000000,0.000000,8.003489,9.959789,8.030889
10268,1,0,0,4,0.000000,0.000000,0.000000,0.770016,0.770016,0.391400,0.000000,0.000000,0.112300,0.006800,0.000000,0.000000,0.000000,0.000000,8.006688,9.957989,8.046988
10269,1,0,0,4,0.000000,0.000000,0.000000,0.764928,0.764928,0.327700,0.000000,0.000000,0.108500,0.046600,0.000000,0.000000,0.000000,0.000000,8.004589,9.862088,8.031789
10270,1,0,0,4,0.000000,0.000000,0.000000,0.772096,0.772096,0.323900,0.000000,0.000000,0.082000,0.006700,0.000000,0.000000,0.000000,0.000000,8.003489,9.866789,8.028588
10271,1,0,0,4,0.000000,0.000000,0.000000,0.766976,0.766976,0.322400,0.000000,0.000000,0.071000,0.007700,0.000000,0.000000,0.000000,0.000000,8.003988,9.802088,8.029789
10272,1,0,0,4,0.000000,0.000000,0.000000,0.764928,0.764928,0.362800,0.000000,0.000000,0.113400,0.008200,0.000000,0.000000,0.000000,0.000000,8.003089,9.913288,8.029688
10273,1,0,0,4,0.000000,0.000000,0.000000,0.770048,0.770048,0.446300,0.000000,0.000000,0.108200,0.008400,0.000000,0.000000,0.000000,0.000000,8.004688,9.970888,8.033289
10274,1,0,0,4,0.000000,0.000000,0.000000,0.769024,0.769024,0.384500,0.000000,0.000000,0.110300,0.006600,0.000000,0.000000,0.000000,0.000000,8.006088,9.969090,8.047589
10275,1,0,0,4,0.000000,0.000000,0.000000,0.763904,0.763904,0.315800,0.000000,0.000000,0.106300,0.007000,0.000000,0.000000,0.000000,0.000000,8.003788,9.828288,8.029488
10276,1,0,0,4,0.000000,0.000000,0.000000,0.765952,0.765952,0.330400,0.000000,0.000000,0.084800,0.017800,0.000000,0.000000,0.000000,0.000000,8.003388,9.846289,8.029088
10277,1,0,0,4,0.000000,0.000000,0.000000,0.763904,0.763904,0.322200,0.000000,0.000000,0.073300,0.017800,0.000000,0.000000,0.000000,0.000000,8.022089,9.755288,8.046789
10278,1,0,0,4,0.000000,0.000000,0.000000,0.765952,0.765952,0.328700,0.000000,0.000000,0.103700,0.007800,0.000000,0.000000,0.000000,0.000000,8.034688,9.849588,8.059389
10279,1,0,0,4,0.000000,0.000000,0.000000,0.772096,0.772096,0.379100,0.000000,0.000000,0.110600,0.008600,0.000000,0.000000,0.000000,0.000000,8.035789,9.961688,8.063088
10280,1,0,0,4,0.000000,0.000000,0.000000,0.769024,0.769024,0.443100,0.000000,0.000000,0.111500,0.017800,0.000000,0.000000,0.000000,0.000000,8.044689,9.954688,8.088789
10281,1,0,0,4,0.000000,0.000000,0.000000,0.766976,0.766976,0.322900,0.000000,0.000000,0.116300,0.007300,0.000000,0.000000,0.000000,0.000000,8.034888,9.881189,8.061190
10282,1,0,0,4,0.000000,0.000000,0.000000,0.764928,0.764928,0.357800,0.000000,0.000000,0.079400,0.006800,0.000000,0.000000,0.000000,0.000000,8.035888,9.889587,8.065788
10283,1,0,0,4,0.000000,0.000000,0.000000,0.774112,0.774112,0.371200,0.000000,0.000000,0.111100,0.018200,0.000000,0.000000,0.000000,0.000000,8.037389,9.944589,8.068789
10284,1,0,0,4,0.000000,0.000000,0.000000,0.770048,0.770048,0.389100,0.000000,0.000000,0.101200,0.025700,0.000000,0.000000,0.000000,0.000000,8.035889,9.908188,8.063289
10285,1,0,0,4,0.000000,0.000000,0.000000,0.765952,0.765952,0.379400,0.000000,0.000000,0.068600,0.009300,0.000000,0.000000,0.000000,0.000000,8.075890,9.881689,8.102590
10286,1,0,0,4,0.000000,0.000000,0.000000,0.769024,0.769024,0.384100,0.000000,0.000000,0.101900,0.007200,0.000000,0.000000,0.000000,0.000000,8.144288,10.012789,8.209488
10287,1,0,0,4,0.000000,0.000000,0.000000,0.771072,0.771072,0.398000,0.000000,0.000000,0.085900,0.007300,0.000000,0.000000,0.000000,0.000000,8.187789,9.940989,8.211789
10288,1,0,0,4,0.000000,0.000000,0.000000,0.767968,0.767968,0.354000,0.000000,0.000000,0.082900,0.006800,0.000000,0.000000,0.000000,0.000000,8.203888,10.018788,8.231588
10289,1,0,0,4,0.000000,0.000000,0.000000,0.775168,0.775168,0.386200,0.000000,0.000000,0.080400,0.006900,0.000000,0.000000,0.000000,0.000000,8.222089,10.031689,8.256289
10290,1,0,0,4,0.000000,0.000000,0.000000,0.762880,0.762880,0.346100,0.000000,0.000000,0.130500,0.007200,0.000000,0.000000,0.000000,0.000000,8.237489,9.979189,8.265189
10291,1,0,0,4,0.000000,0.000000,0.000000,0.769024,0.769024,0.326100,0.000000,0.000000,0.099700,0.006600,0.000000,0.000000,0.000000,0.000000,8.239489,9.996590,8.266088
10292,1,0,0,4,0.000000,0.000000,0.000000,0.766016,0.766016,0.408900,0.000000,0.000000,0.102200,0.007400,0.000000,0.000000,0.000000,0.000000,8.251589,10.022489,8.315588
10293,1,0,0,4,0.000000,0.000000,0.000000,0.769024,0.769024,0.365400,0.000000,0.000000,0.103600,0.008400,0.000000,0.000000,0.000000,0.000000,8.239289,10.185788,8.268689
10294,1,0,0,4,0.000000,0.000000,0.000000,0.772096,0.772096,0.364300,0.000000,0.000000,0.077200,0.007000,0.000000,0.000000,0.000000,0.000000,8.146988,9.908188,8.176588
10295,1,0,0,4,0.000000,0.000000,0.000000,0.769024,0.769024,0.389800,0.000000,0.000000,0.081400,0.008000,0.000000,0.000000,0.000000,0.000000,8.149288,9.953989,8.182289
10296,1,0,0,4,0.000000,0.000000,0.000000,0.777216,0.777216,0.428700,0.000000,0.000000,0.087200,0.007800,0.000000,0.000000,0.000000,0.000000,8.157088,9.910989,8.186488
10297,1,0,0,4,0.000000,0.000000,0.000000,0.770048,0.770048,0.365800,0.000000,0.000000,0.113600,0.007000,0.000000,0.000000,0.000000,0.000000,8.157088,9.964788,8.186688
10298,1,0,0,4,0.000000,0.000000,0.000000,0.770048,0.770048,0.367300,0.000000,0.000000,0.085600,0.006900,0.000000,0.000000,0.000000,0.000000,8.159389,9.985088,8.189589
10299,1,0,0,4,0.000000,0.000000,0.000000,0.776192,0.776192,0.367200,0.000000,0.000000,0.106200,0.008000,0.000000,0.000000,0.000000,0.000000,8.160188,9.985388,8.195788
10300,1,0,0,4,0.000000,0.000000,0.000000,0.765952,0.765952,0.568900,0.000000,0.000000,0.120600,0.011800,0.000000,0.000000,0.000000,0.000000,8.158388,10.275688,8.190888
10301,1,0,0,4,0.000000,0.000000,0.000000,0.766976,0.766976,0.456500,0.000000,0.000000,0.116000,0.014100,0.000000,0.000000,0.000000,0.000000,8.041988,10.130589,8.083989
10302,1,0,0,4,0.000000,0.000000,0.000000,0.771072,0.771072,0.643600,0.000000,0.000000,0.115900,0.012700,0.000000,0.000000,0.000000,0.000000,8.042489,10.385789,8.095989
10303,1,0,0,4,0.000000,0.000000,0.000000,0.762880,0.762880,0.471200,0.000000,0.000000,0.110900,0.011000,0.000000,0.000000,0.000000,0.000000,7.813589,9.862589,7.854489
10304,1,0,0,4,0.000000,0.000000,0.000000,0.770048,0.770048,0.593700,0.000000,0.000000,0.088100,0.007200,0.000000,0.000000,0.000000,0.000000,7.816989,9.817389,7.867289
10305,1,0,0,4,0.000000,0.000000,0.000000,0.768000,0.768000,0.366900,0.000000,0.000000,0.077600,0.008000,0.000000,0.000000,0.000000,0.000000,7.812489,10.100388,7.843588
10306,1,0,0,4,0.000000,0.000000,0.000000,0.764928,0.764928,0.356200,0.000000,0.000000,0.119400,0.008100,0.000000,0.000000,0.000000,0.000000,7.774988,9.764588,7.804588
10307,1,0,0,4,0.000000,0.000000,0.000000,0.768000,0.768000,0.437700,0.000000,0.000000,0.093500,0.008500,0.000000,0.000000,0.000000,0.000000,7.776688,9.921188,7.820688
10308,1,0,0,4,0.000000,0.000000,0.000000,0.775168,0.775168,0.492400,0.000000,0.000000,0.092300,0.010500,0.000000,0.000000,0.000000,0.000000,7.780188,9.814888,7.826788
10309,1,0,0,4,0.000000,0.000000,0.000000,0.768000,0.768000,0.470000,0.000000,0.000000,0.122900,0.007800,0.000000,0.000000,0.000000,0.000000,7.776789,9.809790,7.818389
10310,1,0,0,4,0.000000,0.000000,0.000000,0.769024,0.769024,0.462800,0.000000,0.000000,0.084100,0.006700,0.000000,0.000000,0.000000,0.000000,7.783489,9.752889,7.842288
10311,1,0,0,4,0.000000,0.000000,0.000000,0.771072,0.771072,0.544100,0.000000,0.000000,0.078700,0.007100,0.000000,0.000000,0.000000,0.000000,7.777188,9.772088,7.819788
10312,1,0,0,4,0.000000,0.000000,0.000000,0.763904,0.763904,0.326400,0.000000,0.000000,0.068500,0.006700,0.000000,0.000000,0.000000,0.000000,7.774489,9.624589,7.800189
10313,1,0,0,4,0.000000,0.000000,0.000000,0.766976,0.766976,0.363700,0.000000,0.000000,0.112400,0.006500,0.000000,0.000000,0.000000,0.000000,7.777389,9.741888,7.809089
10314,1,0,0,4,0.000000,0.000000,0.000000,0.775168,0.775168,0.356700,0.000000,0.000000,0.078100,0.007600,0.000000,0.000000,0.000000,0.000000,7.774288,9.722288,7.804188
10315,1,0,0,4,0.000000,0.000000,0.000000,0.769024,0.769024,0.383700,0.000000,0.000000,0.110200,0.006700,0.000000,0.000000,0.000000,0.000000,7.773489,9.785488,7.802388
10316,1,0,0,4,0.000000,0.000000,0.000000,0.762912,0.762912,0.351200,0.000000,0.000000,0.104700,0.007000,0.000000,0.000000,0.000000,0.000000,7.775489,9.760889,7.802689
10317,1,0,0,4,0.000000,0.000000,0.000000,0.771040,0.771040,0.402900,0.000000,0.000000,0.127800,0.007000,0.000000,0.000000,0.000000,0.000000,7.777188,9.785688,7.812988
10318,1,0,0,4,0.000000,0.000000,0.000000,0.766976,0.766976,0.327700,0.000000,0.000000,0.067200,0.007500,0.000000,0.000000,0.000000,0.000000,7.773489,9.679389,7.799289
10319,1,0,0,4,0.000000,0.000000,0.000000,0.771072,0.771072,0.374700,0.000000,0.000000,0.082500,0.007100,0.000000,0.000000,0.000000,0.000000,7.774989,9.752889,7.807788
10320,1,0,0,4,0.000000,0.000000,0.000000,0.764928,0.764928,0.342100,0.000000,0.000000,0.072000,0.012000,0.000000,0.000000,0.000000,0.000000,7.775288,9.683589,7.803389
10321,1,0,0,4,0.000000,0.000000,0.000000,0.769024,0.769024,0.427400,0.000000,0.000000,0.119200,0.007200,0.000000,0.000000,0.000000,0.000000,7.775589,9.800488,7.810588
10322,1,0,0,4,0.000000,0.000000,0.000000,0.768992,0.768992,0.380500,0.000000,0.000000,0.116800,0.029700,0.000000,0.000000,0.000000,0.000000,7.774988,9.807888,7.813088
10323,1,0,0,4,0.000000,0.000000,0.000000,0.768000,0.768000,0.386400,0.000000,0.000000,0.110100,0.018100,0.000000,0.000000,0.000000,0.000000,7.775489,9.877989,7.805589
10324,1,0,0,4,0.000000,0.000000,0.000000,0.763904,0.763904,0.353200,0.000000,0.000000,0.100200,0.007700,0.000000,0.000000,0.000000,0.000000,7.775589,9.758089,7.804489
10325,1,0,0,4,0.000000,0.000000,0.000000,0.768000,0.768000,0.385300,0.000000,0.000000,0.116400,0.007100,0.000000,0.000000,0.000000,0.000000,7.775989,9.829689,7.810988
10326,1,0,0,4,0.000000,0.000000,0.000000,0.762880,0.762880,0.341900,0.000000,0.000000,0.126600,0.018300,0.000000,0.000000,0.000000,0.000000,7.773789,9.736289,7.800789
10327,1,0,0,4,0.000000,0.000000,0.000000,0.762880,0.762880,0.361200,0.000000,0.000000,0.072800,0.017600,0.000000,0.000000,0.000000,0.000000,7.775488,9.633488,7.800189
10328,1,0,0,4,0.000000,0.000000,0.000000,0.772096,0.772096,0.433800,0.000000,0.000000,0.149100,0.008100,0.000000,0.000000,0.000000,0.000000,7.775889,9.913489,7.843588
10329,1,0,0,4,0.000000,0.000000,0.000000,0.769024,0.769024,0.393500,0.000000,0.000000,0.088000,0.008200,0.000000,0.000000,0.000000,0.000000,7.776888,9.845689,7.812089
10330,1,0,0,4,0.000000,0.000000,0.000000,0.763904,0.763904,0.385900,0.000000,0.000000,0.092400,0.010100,0.000000,0.000000,0.000000,0.000000,7.775888,9.795089,7.809188
10331,1,0,0,4,0.000000,0.000000,0.000000,0.770048,0.770048,0.395000,0.000000,0.000000,0.085900,0.017900,0.000000,0.000000,0.000000,0.000000,7.776789,9.774988,7.816089
10332,1,0,0,4,0.000000,0.000000,0.000000,0.769024,0.769024,0.342200,0.000000,0.000000,0.074700,0.007400,0.000000,0.000000,0.000000,0.000000,7.775288,9.690988,7.803788
10333,1,0,0,4,0.000000,0.000000,0.000000,0.764928,0.764928,0.354400,0.000000,0.000000,0.076600,0.008500,0.000000,0.000000,0.000000,0.000000,7.773588,9.641788,7.800888
10334,1,0,0,4,0.000000,0.000000,0.000000,0.770048,0.770048,0.345800,0.000000,0.000000,0.070300,0.007800,0.000000,0.000000,0.000000,0.000000,7.773088,9.721988,7.798888
10335,1,0,0,4,0.000000,0.000000,0.000000,0.770048,0.770048,0.447200,0.000000,0.000000,0.096600,0.018600,0.000000,0.000000,0.000000,0.000000,7.797289,9.851389,7.845789
10336,1,0,0,4,0.000000,0.000000,0.000000,0.762880,0.762880,0.338100,0.000000,0.000000,0.074100,0.007900,0.000000,0.000000,0.000000,0.000000,7.813088,9.744788,7.840088
10337,1,0,0,4,0.000000,0.000000,0.000000,0.768000,0.768000,0.425600,0.000000,0.000000,0.093900,0.008600,0.000000,0.000000,0.000000,0.000000,7.834089,9.757289,7.887989
!systeminfo,os,gpu,cpu,cores,osmajor,osminor,osspversion,,,,,,,,,,,,,,,
0,Windows 10,NVIDIA TITAN X (Pascal),Intel(R) Xeon(R) CPU E5-1620 v3 @ 3.50GHz,8,10,0,0,,,,,,,,,,,,,,,
